{
  "execution_timestamp": "2025-07-29T12:59:12.055914",
  "pipeline_config": {
    "surrogate_model_type": "random_forest",
    "encoding_type": "label",
    "n_synthetic_samples": 1000,
    "target_columns": [
      "yield_score",
      "burden_score"
    ],
    "categorical_columns": [
      "promoter",
      "ori",
      "antibiotic",
      "rbs",
      "poi",
      "terminator"
    ]
  },
  "model_performance": {
    "yield_score_mse": 52.747333816784455,
    "yield_score_rmse": 7.262735973225548,
    "yield_score_mae": 6.175101508633153,
    "yield_score_r2": 0.7233823608904817,
    "burden_score_mse": 56.868748320572124,
    "burden_score_rmse": 7.541137070798549,
    "burden_score_mae": 6.3612092204908475,
    "burden_score_r2": 0.8585588641348844
  },
  "data_paths": {
    "historical_data": "/Users/joshuahinckley/Library/CloudStorage/GoogleDrive-josh@bioqore.ai/Shared drives/Bioqore/Product Development/Plasmid Optimization/synthetic_plasmid_training_set.csv",
    "prediction_input": "/Users/joshuahinckley/Library/CloudStorage/GoogleDrive-josh@bioqore.ai/Shared drives/Bioqore/Product Development/Plasmid Optimization/plasmid_dataframe.csv",
    "output": "/Users/joshuahinckley/Library/CloudStorage/GoogleDrive-josh@bioqore.ai/Shared drives/Bioqore/Product Development/Plasmid Optimization/plasmid_predictions.csv"
  }
}