{
  "historical_data_path": "/Users/joshuahinckley/Library/CloudStorage/GoogleDrive-josh@bioqore.ai/Shared drives/Bioqore/Product Development/Plasmid Optimization/synthetic_plasmid_training_set.csv",
  "prediction_input_path": "/Users/joshuahinckley/Library/CloudStorage/GoogleDrive-josh@bioqore.ai/Shared drives/Bioqore/Product Development/Plasmid Optimization/plasmid_dataframe_noise.csv",
  "output_path": "/Users/joshuahinckley/Library/CloudStorage/GoogleDrive-josh@bioqore.ai/Shared drives/Bioqore/Product Development/Plasmid Optimization/plasmid_dataframe_noise_results.csv",
  "surrogate_model_type": "random_forest",
  "encoding_type": "label",
  "n_synthetic_samples": 1000,
  "target_columns": ["yield_score", "burden_score"],
  "categorical_columns": ["promoter", "ori", "antibiotic", "rbs", "poi", "terminator"],
  "id_column": "plasmid_id",
  "rf_n_estimators": 200,
  "rf_max_depth": 10,
  "test_size": 0.2,
  "validation_random_state": 42
} 