{
  "execution_timestamp": "2025-07-29T13:21:43.460028",
  "pipeline_config": {
    "surrogate_model_type": "random_forest",
    "encoding_type": "label",
    "n_synthetic_samples": 1000,
    "target_columns": [
      "yield_score",
      "burden_score"
    ],
    "categorical_columns": [
      "promoter",
      "ori",
      "antibiotic",
      "rbs",
      "poi",
      "terminator"
    ]
  },
  "model_performance": {
    "yield_score_mse": 69.34148537017647,
    "yield_score_rmse": 8.327153497454965,
    "yield_score_mae": 6.720106853611878,
    "yield_score_r2": 0.2550835830631626,
    "burden_score_mse": 132.91153043054538,
    "burden_score_rmse": 11.52872631432221,
    "burden_score_mae": 9.187482637256492,
    "burden_score_r2": 0.2022095077818259
  },
  "data_paths": {
    "historical_data": "/Users/joshuahinckley/Library/CloudStorage/GoogleDrive-josh@bioqore.ai/Shared drives/Bioqore/Product Development/Plasmid Optimization/synthetic_plasmid_training_set.csv",
    "prediction_input": "/Users/joshuahinckley/Library/CloudStorage/GoogleDrive-josh@bioqore.ai/Shared drives/Bioqore/Product Development/Plasmid Optimization/plasmid_dataframe_noise.csv",
    "output": "/Users/joshuahinckley/Library/CloudStorage/GoogleDrive-josh@bioqore.ai/Shared drives/Bioqore/Product Development/Plasmid Optimization/plasmid_dataframe_noise_results.csv"
  }
}